invoice_id,vendor,amount
INV-3002,XYZ Corp,142500
INV-3003,Nova Inc,650000
INV-3004,Delta Ltd,120000
INV-3007,Horizon Foods,300000
INV-3010,Kaveri Chemicals,500000
INV-3012,XYZ Corp,975000
INV-3014,Delta Ltd,210000
INV-3016,Falcon Tech,125000
INV-3018,Jupiter Steel,100000.01
INV-3021,ABC Ltd,250000
INV-3025,Apex Supplies,175000
INV-3028,Jupiter Steel,420000
INV-3031,ABC Ltd,135000
INV-3034,Delta Ltd,780000
INV-3036,Falcon Tech,105000
INV-3038,Jupiter Steel,150000.75
INV-3040,Kaveri Chemicals,100001
INV-3042,XYZ Corp,320000
INV-3045,Apex Supplies,205000
INV-3047,Horizon Foods,450000
INV-3050,Kaveri Chemicals,115000
