invoice_id,vendor,amount,status
INV-3001,ABC Ltd,85000,PENDING
INV-3002,XYZ Corp,142500,APPROVED
INV-3003,Nova Inc,650000,REVIEW
INV-3004,Delta Ltd,120000,PENDING
INV-3005,Apex Supplies,,APPROVED
INV-3006,Falcon Tech,TBD,REVIEW
INV-3007,Horizon Foods,300000,PENDING
INV-3008,Jupiter Steel,45000,APPROVED
INV-3009,Lotus Packaging,100000,REVIEW
INV-3010,Kaveri Chemicals,500000,PENDING
INV-3011,ABC Ltd,72000,APPROVED
INV-3012,XYZ Corp,975000,REVIEW
INV-3013,Nova Inc,18500.50,PENDING
INV-3014,Delta Ltd,210000,APPROVED
INV-3015,Apex Supplies,33000,REVIEW
INV-3016,Falcon Tech,125000,PENDING
INV-3017,Horizon Foods,99999.99,APPROVED
INV-3018,Jupiter Steel,100000.01,REVIEW
INV-3019,Lotus Packaging,0,PENDING
INV-3020,Kaveri Chemicals,-500,APPROVED
INV-3021,ABC Ltd,250000,REVIEW
INV-3022,XYZ Corp,,PENDING
INV-3023,Nova Inc,N/A,APPROVED
INV-3024,Delta Ltd,87500,REVIEW
INV-3025,Apex Supplies,175000,PENDING
INV-3026,Falcon Tech,100000,APPROVED
INV-3027,Horizon Foods,56000,REVIEW
INV-3028,Jupiter Steel,420000,PENDING
INV-3029,Lotus Packaging,unknown,APPROVED
INV-3030,Kaveri Chemicals,91000,REVIEW
INV-3031,ABC Ltd,135000,PENDING
INV-3032,XYZ Corp,68000,APPROVED
INV-3033,Nova Inc,,REVIEW
INV-3034,Delta Ltd,780000,PENDING
INV-3035,Apex Supplies,22500,APPROVED
INV-3036,Falcon Tech,105000,REVIEW
INV-3037,Horizon Foods,not-a-number,PENDING
INV-3038,Jupiter Steel,150000.75,APPROVED
INV-3039,Lotus Packaging,9999,REVIEW
INV-3040,Kaveri Chemicals,100001,PENDING
INV-3041,ABC Ltd,60000,APPROVED
INV-3042,XYZ Corp,320000,REVIEW
INV-3043,Nova Inc,,PENDING
INV-3044,Delta Ltd,95000,APPROVED
INV-3045,Apex Supplies,205000,REVIEW
INV-3046,Falcon Tech,NULL,PENDING
INV-3047,Horizon Foods,450000,APPROVED
INV-3048,Jupiter Steel,100000,REVIEW
INV-3049,Lotus Packaging,7500.25,PENDING
INV-3050,Kaveri Chemicals,115000,APPROVED
